{
  "duration_ms": 357331,
  "pitch_mean": 206.7730063651365,
  "pitch_std": 111.06893546749644,
  "pitch_min": 74.95634499657868,
  "pitch_max": 598.9298973831397,
  "pitch_range": 523.9735523865611,
  "energy_mean": 64.74915373534623,
  "energy_std": 45.94843456069713,
  "energy_min": -300.0,
  "energy_max": 82.47882666000575,
  "pitch_contour": [
    166.7253238673146,
    202.9069013992954,
    77.78425205137427,
    208.0063986036709,
    179.88654855097053,
    233.94147133119577,
    77.71030308769997,
    145.9000227254044,
    97.78362897884126,
    78.06307089071657,
    152.75546796992288,
    88.21491172932821,
    137.1398583574799,
    78.3716433914629,
    77.81955933037759,
    163.946804312787,
    197.28365702974554,
    103.4362062899077,
    174.20347371944848,
    177.81463197000042,
    132.45301578862347,
    512.0312080277295,
    324.14787767220935,
    215.41747147093614,
    224.60727104404495,
    447.06272847789813,
    181.47401123209704,
    474.1359992146687,
    316.78970967404985,
    98.10106398909943,
    78.0231137858846,
    79.48816160893765,
    217.6968449487235,
    439.5449261067612,
    201.00984960772342,
    81.05753197947443,
    77.54783850374221,
    134.61333553627318,
    224.9554986518259,
    127.53930033308104,
    97.85408257291179,
    194.04290443657874,
    195.6682269693207,
    78.19149818753075,
    76.48342435191667,
    201.90033510273412,
    165.58032264922238,
    98.22602710504918,
    195.90270214905433,
    175.3996461499123,
    102.5491482037622,
    196.20460524777275,
    78.89142177537178,
    108.72087730505463,
    84.47918844114399,
    110.92244594582696,
    103.73250734473733,
    87.189083472696,
    146.328234355897,
    237.6514424983378,
    174.7443548617698,
    109.78235308398797,
    353.72687071133504,
    500.2914417019004,
    86.72061345142382,
    171.68272440547358,
    238.59478238324397,
    177.48352241905766,
    217.0130230975261,
    335.31134916536337,
    87.48177164924518,
    117.37608765060918,
    161.19106303416342,
    171.67230857201974,
    165.95910393575792,
    298.4915222036151,
    315.8933646621118,
    86.93860792304658,
    361.47326780222716,
    332.7921569260683,
    170.93569179495123,
    166.0994915417216,
    131.41800385454775,
    260.1659779323226,
    87.0803833191625,
    175.22246900462397,
    258.18281125862353,
    336.768890021784,
    262.1332750595902,
    351.7638059313098,
    258.3316659368833,
    299.6896115527229,
    346.8725742495042,
    361.44427310621546,
    349.0557774181659,
    350.7506144987727,
    532.9793149637973,
    443.5092044398964,
    440.1601658671349,
    394.5249108748276
  ],
  "energy_contour": [
    49.84877060818013,
    42.51092312637844,
    65.43420671066792,
    75.10527759265548,
    71.30037920288795,
    51.01816290501413,
    59.44292350310684,
    56.33558847435399,
    78.5978738248829,
    66.92965914392539,
    76.76189476110153,
    59.644748024585446,
    57.81633826100099,
    68.17807048920592,
    60.62817757680985,
    58.068451906578936,
    71.0814262512924,
    55.4458731432027,
    62.10708839027249,
    65.68588140635643,
    70.82338705010099,
    62.3687583430701,
    71.98625401955204,
    72.45659270148037,
    66.94891770434421,
    65.40434097205421,
    59.64386170769911,
    71.4079749823457,
    71.5300933964986,
    71.94936608184418,
    61.8095448544173,
    56.20251008160715,
    69.17796085903538,
    59.77766880259955,
    51.576308525106874,
    54.5666263676074,
    67.05797065278834,
    60.425629998841096,
    66.49315822977807,
    73.96714925321376,
    68.93644341255778,
    77.93350193543824,
    77.21295061781453,
    75.31660887003838,
    74.94227924387897,
    77.09797800732674,
    79.91657070229282,
    78.83612269409169,
    77.6342321744964,
    80.61149899728241,
    76.15647852400303,
    80.59791296650228,
    80.55235515407365,
    78.4875922106756,
    76.0478282661357,
    75.6977192193441,
    78.90072573246952,
    71.90284514004522,
    76.28908664103297,
    70.77111752656432,
    76.05153787075535,
    78.61342891566757,
    74.61584875832702,
    72.12426207365048,
    70.96146115981703,
    79.67696956798234,
    76.74159520717171,
    78.08879273590209,
    75.77911035298075,
    77.24201075754047,
    81.64447207541919,
    76.04127626013884,
    77.01033833040084,
    78.55139346101562,
    71.76582423247943,
    61.82421829580155,
    64.18090385725253,
    68.75159381992509,
    80.34229912794052,
    65.19351147974149,
    61.999263897536636,
    65.34307715969842,
    71.96631669825015,
    64.07909741399203,
    76.29617334350874,
    73.31386451331942,
    68.62229765154109,
    58.05930903437662,
    65.69030879280247,
    62.471611101538336,
    64.49975653846549,
    67.45288717864702,
    73.95296509604754,
    64.59532944310477,
    76.77336113526167,
    73.93340247924166,
    58.15090850173812,
    61.33349434467636,
    61.58576282503407,
    70.41454518844309
  ],
  "trajectory": {
    "start": 193.19078252103805,
    "middle": 164.1995047014374,
    "end": 246.4968026743405,
    "shape": "rising",
    "has_peak": false
  },
  "num_voiced_frames": 17889,
  "voiced_ratio": 89.445,
  "id": "great_dictator",
  "name": "Great Dictator (Chaplin)"
}
